Id,MSSubClass,LotArea,YearBuilt,SaleCondition,SalePrice
1461,20,11622,1961,Normal,134423.0284416634
1462,20,14267,1958,Normal,147539.2472695142
1463,60,13830,1997,Normal,183651.2868208022
1464,60,9978,1998,Normal,189775.32292257334
1465,120,5005,1992,Normal,201220.23764202822
1466,60,10000,1993,Normal,183914.3856115916
1467,20,7980,1992,Normal,171286.59736327408
1468,60,8402,1998,Normal,176836.42124124573
1469,20,10176,1990,Normal,181548.37379617168
1470,20,8400,1970,Normal,138020.43501675015
1471,120,5858,1999,Normal,206309.591082539
1472,160,1680,1971,Normal,121976.77146691113
1473,160,1680,1971,Normal,125399.72535442923
1474,160,2280,1975,Normal,157689.4153761616
1475,120,2280,1975,Normal,139185.51646293607
1476,60,12858,2009,Partial,358857.7979817654
1477,20,12883,2009,Partial,250242.93038932836
1478,20,11520,2005,Normal,303836.95873308164
1479,20,14122,2005,Normal,296601.30981143663
1480,20,14300,2003,Normal,417128.85714262
1481,60,13650,2002,Normal,293213.4796362792
1482,120,7132,2006,Normal,210587.67884297794
1483,20,18494,2005,Normal,193805.7690294846
1484,120,3203,2006,Normal,194315.93656191684
1485,80,13300,2004,Normal,197243.48792887965
1486,60,8577,2004,Normal,203090.1779615472
1487,60,17433,1998,Normal,298861.22720221383
1488,20,8987,2005,Normal,239661.94514874966
1489,20,9215,2009,Partial,207163.83892639613
1490,20,10440,2005,Normal,229564.70417242334
1491,60,11920,2004,Normal,204908.42749895275
1492,30,9800,1920,Normal,113618.4834869659
1493,20,15410,1974,Abnorml,175579.99031963098
1494,60,13143,1993,Normal,279865.1035642571
1495,60,11134,1992,Normal,266550.40516076377
1496,120,4835,2004,Normal,234283.92693305388
1497,160,3515,2004,Normal,193613.9844423089
1498,160,3215,2004,Normal,184733.80462875272
1499,160,2544,2004,Normal,184251.110500965
1500,160,2544,2005,Normal,179639.71962960158
1501,160,2980,2000,Normal,180417.92025299495
1502,160,2403,2003,Normal,189208.22094422334
1503,20,12853,2010,Partial,265686.90677132626
1504,60,7379,2000,Normal,222984.04053720302
1505,20,8000,2002,Normal,217772.72372181213
1506,20,10456,1967,Normal,175164.13558813446
1507,60,10791,1993,Normal,223325.69265822295
1508,50,18837,1978,Normal,179010.56814616578
1509,60,9600,1971,Normal,154672.753194742
1510,20,9600,1966,Normal,149582.2545333523
1511,20,9900,1966,Normal,151880.16285386015
1512,20,9680,1967,Normal,173070.6427118361
1513,80,10600,1964,Family,153167.4963778407
1514,90,13260,1962,Abnorml,165049.7209272016
1515,50,9724,1952,Normal,189286.82475479247
1516,50,17360,1949,Normal,153464.7066964789
1517,85,11380,1966,Normal,149990.2408164439
1518,90,8267,1958,Normal,150499.47018188107
1519,20,8197,2003,Normal,220986.04561946006
1520,20,8050,1959,Normal,137708.6049525315
1521,20,10725,1959,Normal,141510.14411732956
1522,20,10032,1959,Normal,156661.35841621467
1523,50,8382,1956,Normal,125503.2021754797
1524,20,10950,1952,Normal,126271.55361512276
1525,20,10895,1955,Normal,130476.87527643783
1526,190,13587,1958,Abnorml,130479.1533974982
1527,30,7898,1920,Normal,129278.9305401513
1528,50,8064,1948,Normal,129815.03344295904
1529,20,7635,1960,Normal,142171.45795029143
1530,20,9760,1963,Normal,160541.9125572215
1531,50,4800,1900,Abnorml,143417.0805765347
1532,30,4485,1920,Normal,118466.77660765214
1533,20,5805,1957,Normal,141418.5214913588
1534,45,6900,1938,Normal,128263.43842945943
1535,50,11851,1948,Normal,147877.29595660797
1536,50,8239,1920,Normal,126194.33699134621
1537,30,9656,1923,Abnorml,119897.47778367743
1538,70,9600,1900,Abnorml,168577.11758368555
1539,70,9000,1890,Normal,201304.16112748947
1540,190,9045,1910,Abnorml,139567.59530046696
1541,70,10560,1922,Normal,138829.02489022806
1542,50,5830,1950,Normal,133705.9538207575
1543,75,7793,1922,Normal,165327.17122310665
1544,30,5000,1925,Normal,108338.3065998816
1545,50,6000,1939,Abnorml,118595.43972027687
1546,50,6000,1940,Normal,135402.91569782162
1547,50,6360,1942,Normal,138104.7140302894
1548,50,6000,1948,Normal,129399.39595513165
1549,50,6240,1936,Normal,130133.25719275583
1550,50,6240,1930,Normal,141783.9754181202
1551,30,6120,1923,Normal,127479.94017738233
1552,50,8094,1915,Normal,149022.878021534
1553,70,12900,1912,Normal,154692.8930176381
1554,70,3068,1920,Normal,126358.96438430242
1555,20,15263,1959,Normal,167353.26924636067
1556,50,10632,1917,Normal,118248.26748411765
1557,190,9900,1915,Normal,126421.71324625597
1558,50,6001,1940,Normal,118401.11302000559
1559,70,6449,1907,Abnorml,123072.18828184207
1560,190,6048,1910,Normal,144295.99899906325
1561,90,10773,1967,Normal,153971.6698589091
1562,20,7800,1966,Normal,132939.02727403678
1563,20,7832,1968,Normal,129719.25367956092
1564,90,7424,1978,Normal,161572.74579264876
1565,60,11227,1968,Normal,155711.24995196567
1566,20,20062,1977,Normal,201546.95871725783
1567,30,9259,1927,Normal,116520.37846163605
1568,60,17082,1978,Normal,203077.62503920903
1569,50,18600,1938,Normal,157896.62770128512
1570,20,11479,1950,Normal,150166.86524686997
1571,50,9350,1947,Normal,137264.89538664743
1572,20,9525,1954,Normal,140374.94738976835
1573,20,17485,2009,Partial,226623.82056267027
1574,20,11200,1964,Normal,142326.92289430994
1575,20,11980,1987,Normal,210056.86989293632
1576,60,12361,1993,Normal,238157.24348343853
1577,20,7360,2010,Normal,197717.15372182053
1578,50,14235,1900,Normal,148649.28737861195
1579,85,11105,1996,Normal,155049.3018650938
1580,60,9337,1997,Normal,188186.35910376182
1581,20,15240,1977,Normal,153952.27823526494
1582,20,7480,1972,Normal,132773.43420138818
1583,20,10389,2003,Normal,286169.3712949843
1584,60,9375,1997,Normal,221984.31841883418
1585,120,4435,2003,Normal,168746.12070785114
1586,30,8777,1945,Normal,109913.9613194707
1587,20,8842,1954,Abnorml,124899.26110616823
1588,20,10044,1968,Normal,144313.83391868768
1589,50,11792,1948,Abnorml,124292.69421298745
1590,80,6305,1975,Normal,135460.18684502688
1591,20,6410,1958,Normal,117725.89905358404
1592,30,4853,1924,Normal,138181.72520467278
1593,30,7890,1939,Normal,130539.6679916306
1594,90,7200,1967,Normal,150548.8369880191
1595,50,9839,1931,Normal,137462.02685659996
1596,50,10452,1941,Normal,194437.19950926278
1597,90,15600,1950,Normal,167192.1322547167
1598,80,19645,1994,Normal,188025.98457127865
1599,120,3907,1989,Normal,192227.1159536545
1600,120,3907,1989,Normal,196659.26349475145
1601,30,8154,1941,Normal,106202.48324705914
1602,50,9140,1921,Normal,125491.6861679199
1603,30,8712,1896,Alloca,119587.08320643479
1604,120,3811,2004,Normal,260017.49473446805
1605,60,11050,1998,Normal,246638.03855478976
1606,80,9620,1977,Normal,160188.94933970066
1607,90,12760,1976,Normal,172961.2011023373
1608,20,11896,2008,Normal,221305.27528599018
1609,20,9803,2009,Partial,197291.956775957
1610,60,9802,2006,Normal,172796.15215641132
1611,20,15300,1965,Normal,150655.81760177598
1612,20,10114,2004,Normal,193354.86589455223
1613,20,11875,1999,Normal,177143.34860682744
1614,120,2394,1973,Normal,137599.57781957454
1615,160,1476,1970,Normal,115269.88966127376
1616,160,1900,1970,Normal,112198.56168206416
1617,160,1890,1972,Normal,120269.32733249431
1618,20,6953,1971,Normal,128504.5513799874
1619,20,12887,1984,Normal,150199.48844645868
1620,90,7700,1985,Normal,180185.3930046376
1621,60,10475,1991,Normal,153352.7443987541
1622,50,10544,1969,Normal,145113.69690228833
1623,20,9892,1994,Normal,257838.29971024438
1624,60,12961,1993,Normal,218247.1398982591
1625,20,13008,1956,Normal,133944.06817139813
1626,20,10200,1974,Normal,164284.19730701644
1627,60,10179,1997,Normal,186373.57543912824
1628,60,11792,2003,Normal,253292.64477586668
1629,80,8400,1996,Normal,179618.785012466
1630,120,7296,2004,Normal,298537.9840745566
1631,120,7380,1998,Normal,196489.90782448405
1632,120,8013,1995,Normal,227562.32383142094
1633,80,8923,1998,Normal,188063.97375780408
1634,60,7500,1998,Normal,192003.96524610132
1635,60,8803,1994,Normal,186894.6190944736
1636,20,7250,1993,Normal,171976.39962432272
1637,60,11900,1977,Normal,176650.06767171936
1638,60,13250,1978,Abnorml,192023.14413059145
1639,20,10928,1978,Normal,174682.41101407877
1640,60,12388,1980,Normal,214513.29454960785
1641,20,11088,1978,Normal,173504.46170881536
1642,60,7000,2003,Normal,219715.50869285275
1643,60,7500,2000,Normal,218936.15330382384
1644,60,8470,2002,Normal,219407.45165565395
1645,20,9373,1975,Normal,176824.2363397004
1646,20,10140,1974,Normal,161087.92931146018
1647,20,11050,1975,Normal,164166.29373175075
1648,20,7830,1970,Normal,145090.795482712
1649,20,8510,1971,Normal,136737.74049800696
1650,20,7038,1970,Abnorml,134854.36495485532
1651,20,9000,1971,Normal,133817.62285263144
1652,160,1680,1973,Normal,121104.91408457737
1653,160,1680,1972,Normal,121327.70974008675
1654,160,2308,1976,Normal,159155.8452706859
1655,120,2280,1975,Normal,158662.35208296412
1656,160,2349,1977,Normal,155507.35808318795
1657,160,2364,1978,Normal,156130.51829275113
1658,160,2364,1978,Normal,169930.21767178396
1659,120,2104,1976,Normal,139962.253342572
1660,20,10710,1966,Normal,166506.34238643327
1661,60,14257,2007,Normal,391565.38912042783
1662,60,12350,2009,Partial,328883.05383911845
1663,20,12350,2008,Normal,348422.19470137695
1664,20,13693,2007,Normal,408352.22482851543
1665,20,11578,2008,Normal,311505.1970592495
1666,20,16870,2004,Normal,325922.68992068706
1667,60,23303,2007,Family,320546.8798550486
1668,20,10367,2008,Normal,325055.09661969205
1669,20,10872,2006,Normal,285225.6323742459
1670,20,13514,2008,Normal,334149.58583081077
1671,20,12878,2003,Normal,252393.24982249492
1672,20,15274,2003,Normal,395772.36452134204
1673,60,13262,2003,Normal,278438.3871288637
1674,20,9658,2006,Normal,245454.13467682924
1675,120,6904,2005,Normal,197071.39729120306
1676,120,5122,2005,Normal,202431.40178382047
1677,120,10307,2007,Normal,211946.35534502118
1678,20,14836,2004,Abnorml,406801.6997242857
1679,20,15262,2003,Normal,346977.3931891882
1680,120,7390,2008,Partial,300917.7700857858
1681,120,6472,2008,Normal,252425.5414522347
1682,20,16770,2002,Normal,306076.7484496503
1683,120,3480,2003,Normal,199684.5995993073
1684,60,10928,2005,Normal,199185.9321388527
1685,60,8918,2005,Normal,193112.9134363969
1686,120,3182,2005,Normal,194244.72419111355
1687,80,9434,2004,Normal,189605.3553376052
1688,60,7984,2004,Normal,200089.73971578313
1689,60,10125,2004,Normal,203730.07061800678
1690,60,8965,2003,Normal,202956.09272134939
1691,60,8174,2003,Normal,200130.81385386057
1692,60,12891,2002,Normal,260770.95254353876
1693,80,9734,2004,Normal,189658.94489295772
1694,60,8433,2000,Normal,183520.39687596844
1695,80,7750,1999,Normal,173840.8931294013
1696,60,15896,1999,Normal,247880.13863595302
1697,80,7848,1999,Normal,171983.45555923076
1698,60,12720,2000,Normal,303884.2692795919
1699,20,10750,1994,Normal,291162.2134484611
1700,60,9085,1995,Normal,231017.35557932075
1701,60,11692,1993,Normal,243554.5977982088
1702,20,11194,2008,Normal,254776.88059275702
1703,20,10206,2008,Normal,249659.04087704266
1704,20,10130,2007,Normal,272820.440307592
1705,20,9139,2006,Normal,233462.32421701893
1706,20,11128,2005,Normal,380561.48871132627
1707,20,7993,2008,Partial,211265.47853676847
1708,20,8640,2008,Normal,205159.88102158383
1709,20,12606,2007,Normal,261164.86352719535
1710,20,7500,2006,Normal,223807.90108519242
1711,60,10603,2006,Normal,270100.8213674829
1712,20,8125,2008,Partial,252354.81014300566
1713,20,10625,2006,Normal,258547.0177774286
1714,20,8736,2003,Normal,211160.67282894053
1715,60,8127,2003,Normal,202229.1269668077
1716,20,9605,2007,Normal,185402.29687534334
1717,20,7500,2006,Normal,179116.32479175605
1718,20,7500,2004,Normal,144187.4121543496
1719,60,10628,2004,Normal,213846.973694773
1720,20,10141,2004,Normal,246764.54861216748
1721,20,13072,2004,Normal,178783.2474827267
1722,20,13072,2004,Normal,145747.69273926874
1723,20,12450,2003,Normal,169989.87072305457
1724,20,7328,2008,Partial,219510.31924639925
1725,60,11492,1996,Normal,222416.0065632176
1726,60,7703,1992,Normal,196288.20518165294
1727,120,7175,1990,Normal,185950.37224923336
1728,60,9109,1994,Normal,197866.8791936906
1729,60,10274,1986,Normal,167485.9586605965
1730,90,8250,1981,Normal,158094.44063375282
1731,20,9750,1962,Normal,132667.01261843625
1732,20,8499,1961,Normal,140902.2652891368
1733,20,9079,1961,Normal,132167.86533503074
1734,20,9316,1965,Family,136854.08800590792
1735,20,7791,1963,Normal,146933.86637458365
1736,20,7150,1962,Normal,130049.15600737254
1737,20,15676,1980,Normal,260593.77283476706
1738,60,11949,1991,Normal,215264.2546294322
1739,160,2880,2004,Normal,247043.9508058392
1740,120,3830,2008,Partial,223763.69693867286
1741,120,4217,2008,Normal,196082.84727872073
1742,160,2998,2000,Normal,177786.94449016466
1743,160,3768,1999,Normal,185964.03046058994
1744,20,14694,1977,Normal,253751.8180605852
1745,20,15417,1981,Normal,203528.6219576108
1746,80,9600,1976,Abnorml,206171.53084480923
1747,60,12732,1974,Normal,198416.0192464943
1748,60,10400,1967,Normal,197915.77954305656
1749,20,9600,1969,Normal,160988.261066971
1750,20,9000,1969,Abnorml,139724.1471120602
1751,60,13774,1977,Normal,203992.90800979393
1752,20,7130,1967,Normal,132300.2206628029
1753,20,9600,1967,Normal,156145.6122834675
1754,60,9600,1974,Abnorml,183889.74669767654
1755,85,16500,1971,Normal,166376.71502911032
1756,20,7436,1960,Normal,133285.5386885346
1757,20,8125,1959,Normal,127470.68095151817
1758,20,9450,1957,Normal,151820.8627880739
1759,20,13495,1956,Normal,161105.11211084717
1760,20,9350,1961,Normal,158995.7328514769
1761,20,10500,1964,Abnorml,149067.67496886247
1762,60,8970,1965,Normal,173148.72702230077
1763,80,11475,1961,Normal,166232.924309628
1764,20,9768,1955,Normal,130196.55790747215
1765,20,9900,1967,Normal,169792.77604495606
1766,20,10573,1961,Normal,172308.45529877648
1767,20,14695,1966,Normal,187995.88979633732
1768,20,8760,1956,Normal,147354.2790398234
1769,20,12285,1960,Normal,160416.20203314416
1770,20,9240,1959,Normal,154487.77631901368
1771,20,8750,1956,Abnorml,138458.97958614604
1772,20,8750,1955,Normal,139506.79207062136
1773,20,10400,1956,Family,140340.12644047357
1774,90,9482,1958,Normal,160013.90279456833
1775,20,8128,1954,Normal,132846.64788199088
1776,20,13070,1951,Normal,134492.03043152063
1777,30,8480,1945,Normal,123258.38651945099
1778,20,7626,1952,Normal,144591.09624458847
1779,20,9533,1953,Normal,141525.45639229208
1780,60,11419,1948,Normal,161868.80285094248
1781,20,9600,1950,Normal,136761.45548282505
1782,20,5470,1958,Normal,121747.78624840014
1783,60,10800,1939,Normal,155735.17566131728
1784,70,8146,1900,Normal,128675.02917102232
1785,30,10230,1925,Normal,130339.1394363426
1786,50,10410,1915,Normal,165933.49201648124
1787,70,7200,1910,Normal,173326.44398286377
1788,30,5400,1940,Normal,111655.27404032968
1789,30,10800,1920,Normal,125295.94670041012
1790,30,10800,1890,Normal,119518.13171778953
1791,90,9671,1969,Normal,178638.5946358016
1792,20,10143,1963,Normal,142004.5359086107
1793,20,11500,1967,Normal,149633.45620587264
1794,20,8010,1958,Normal,150322.84470997422
1795,20,10454,1957,Normal,133681.9874193713
1796,20,9000,1958,Normal,142810.6408546906
1797,50,8064,1950,Abnorml,133138.2619224451
1798,20,7350,1958,Normal,131594.38889941975
1799,20,7200,1952,Normal,122843.76831893153
1800,80,8000,1959,Normal,137549.00938295462
1801,50,10800,1949,Normal,135924.50626982842
1802,50,8064,1948,Abnorml,142101.76097995014
1803,60,7570,1964,Normal,152430.50435461185
1804,90,8604,1978,Normal,146902.17688136248
1805,20,7936,1963,Normal,136961.03338280148
1806,50,4080,1935,Normal,126105.5193453709
1807,90,10307,1910,Normal,136202.83968557985
1808,50,15660,1910,Normal,137917.0098982302
1809,70,9900,1910,Normal,145337.07820028736
1810,70,6406,1939,Normal,140380.15536440597
1811,190,7627,1920,Normal,129673.59586274909
1812,50,10134,1910,Normal,114051.88510637646
1813,50,6000,1950,Normal,124687.16752183402
1814,30,7404,1920,Normal,117842.80956578215
1815,30,5925,1940,Normal,101701.94975012487
1816,30,8520,1923,Normal,126101.95303925686
1817,70,9600,1910,Normal,155849.52175092418
1818,70,8400,1900,Normal,155740.58170277893
1819,70,3600,1917,Normal,134675.30890648603
1820,30,3300,1910,Normal,111290.36728207543
1821,50,5400,1920,Family,128004.12079627608
1822,70,9720,1910,Normal,158031.61974152175
1823,30,9392,1900,Abnorml,99383.5654064787
1824,30,6615,1923,Normal,134781.1429239181
1825,70,4960,1930,Normal,144181.6193334092
1826,50,6000,1924,Normal,126950.93711857655
1827,30,6120,1925,Abnorml,120391.63146883759
1828,50,6120,1938,Normal,133443.36443062345
1829,30,8635,1925,Normal,129380.71638268464
1830,70,8094,1915,Normal,143802.21683826006
1831,70,9928,1915,Normal,149355.07687341637
1832,90,3000,1922,Abnorml,129922.8624606693
1833,70,6876,1927,Normal,146340.605797181
1834,70,5775,1915,Normal,137366.69966313572
1835,190,5852,1902,Normal,144206.34671253696
1836,50,5160,1927,Normal,129370.77044358874
1837,85,5160,1923,Abnorml,118930.45008971798
1838,190,10320,1915,Normal,131123.931261491
1839,20,4280,1946,Normal,123355.45293034261
1840,90,10800,1987,Alloca,148116.1011514976
1841,90,10547,1978,Normal,143900.0982375281
1842,50,9780,1934,Normal,117954.60007601358
1843,20,11625,1967,Abnorml,147293.58743877098
1844,85,8014,1978,Normal,146382.4908803651
1845,80,15400,1961,Normal,153700.9890623116
1846,80,15312,1960,Normal,153313.03259075325
1847,80,15584,1956,Normal,168813.07664227602
1848,20,9000,1947,Normal,100983.63863410568
1849,20,15635,1954,Normal,142357.05862393993
1850,20,9571,1956,Normal,128896.39565826379
1851,60,9350,1946,Normal,148053.60646249453
1852,20,7440,1954,Normal,135223.75158564083
1853,120,4235,1984,Normal,164242.58931306325
1854,80,10778,1990,Normal,180493.1513514275
1855,80,19255,1983,Normal,173045.8390144097
1856,60,10560,1993,Normal,216595.69260094155
1857,70,26400,1880,Normal,179524.2002595954
1858,90,7018,1979,Alloca,151066.74645470153
1859,90,7018,1979,Alloca,148987.21013422997
1860,90,7040,1979,Alloca,157817.9314640859
1861,90,7007,1979,Alloca,148813.23945658572
1862,90,11855,2000,Normal,260483.32766900823
1863,90,7939,2000,Normal,254598.36682953138
1864,90,7976,2000,Normal,254598.36682953138
1865,20,10933,2009,Partial,320068.381785884
1866,20,10816,2008,Normal,312757.380472962
1867,20,9178,2008,Normal,239912.48003476977
1868,20,11422,2007,Normal,284486.1842077024
1869,20,6762,2007,Normal,204118.9964227099
1870,20,10324,2008,Normal,236483.43281723396
1871,20,11645,2005,Normal,268908.5034364233
1872,60,11646,2005,Normal,197915.3154973039
1873,60,16698,1992,Normal,216458.7971711115
1874,20,9757,1994,Normal,150942.7955545906
1875,20,14753,1998,Normal,194556.32848351038
1876,60,8750,1998,Normal,190027.969078835
1877,20,10739,2002,Normal,213714.88427658082
1878,20,11166,2001,Family,215807.82647365492
1879,20,16269,1978,Normal,137526.4110465152
1880,20,6950,1979,Normal,138288.91883654764
1881,20,11664,2002,Normal,248735.16923888595
1882,60,12334,2003,Normal,234128.69079942867
1883,60,8749,2002,Normal,200410.74077089175
1884,60,11250,2001,Normal,207435.03069000077
1885,20,15750,1999,Normal,239571.6722391025
1886,20,12782,2002,Normal,282854.062228627
1887,20,8750,1997,Normal,207519.25266012215
1888,20,10200,2007,Normal,260924.585626259
1889,60,11069,2007,Normal,194825.06985592406
1890,20,10682,1960,Normal,140555.36113136745
1891,180,3675,2005,Normal,151462.03336184987
1892,20,6410,1959,Normal,123264.48684261578
1893,20,11767,1950,Normal,140514.9295065269
1894,90,10926,1959,Normal,144334.77058336965
1895,20,11767,1956,Normal,149779.6846797993
1896,50,8212,1941,Normal,131064.47583027511
1897,50,6300,1938,Abnorml,135050.13236809085
1898,70,5707,1935,Normal,130263.65374132081
1899,30,8574,1916,Normal,156201.46807486351
1900,70,7155,1918,Normal,137782.20758552954
1901,50,13680,1940,Normal,151026.36583440448
1902,20,14680,1960,Normal,143085.9441704053
1903,90,8145,1940,Normal,183377.74749948052
1904,20,9100,1954,Family,140899.05448648424
1905,20,13339,1960,Normal,174727.81227901203
1906,50,15600,1949,Normal,151795.94501038044
1907,20,17500,1954,Normal,182717.16121723515
1908,160,1733,1980,Normal,136301.56985532845
1909,160,1488,1980,Normal,153345.31336705972
1910,160,1612,1980,Normal,146776.2819466134
1911,80,13607,1986,Normal,180088.67894772234
1912,20,17597,1971,Normal,247993.84803970397
1913,70,8660,1900,Normal,167075.68396575653
1914,30,10200,1925,Normal,103050.75434390786
1915,120,3843,2007,Partial,280115.1329071405
1916,30,21780,1910,Normal,111033.3739149435
1917,60,10125,2000,Normal,243064.2980688937
1918,85,9750,1977,Normal,138119.68642737626
1919,85,9360,1977,Normal,155975.9255886286
1920,20,11070,1991,Abnorml,170914.31170370354
1921,20,13438,2008,Normal,368046.4580819016
1922,20,14463,2008,Normal,303039.0549036578
1923,60,9839,1980,Normal,189992.99534933662
1924,80,14419,1987,Normal,217633.26320041527
1925,60,9157,2003,Abnorml,212040.73187490884
1926,20,12633,2007,Normal,347670.5586999096
1927,20,12518,1968,Normal,138816.06609522225
1928,20,13383,1969,Normal,161813.82137155085
1929,85,7689,1972,Normal,130923.18252063595
1930,80,7706,1993,Normal,148511.86094187188
1931,85,7669,1992,Normal,157052.86016422763
1932,60,10429,1992,Normal,153771.82489121734
1933,60,10457,1969,Normal,179966.7415113501
1934,60,8702,1997,Normal,176827.68522717536
1935,60,8139,1995,Normal,178794.77688498516
1936,60,9535,1998,Normal,183497.23667068858
1937,60,15038,1996,Normal,181659.25131987882
1938,20,14137,1996,Normal,186242.31089478318
1939,120,6264,1997,Normal,231807.27098941628
1940,120,5070,1992,Normal,200958.76618121524
1941,60,11184,1998,Family,181243.49424396502
1942,60,14067,1991,Normal,185659.35066704394
1943,120,5950,1989,Normal,206806.61467168384
1944,60,13543,2005,Normal,304909.9557603666
1945,20,15401,2004,Normal,335673.2311599115
1946,20,31220,1952,Normal,158728.20738489422
1947,120,8118,2007,Normal,277120.563555251
1948,20,47280,1950,Family,168180.2049036596
1949,20,12680,1988,Normal,223581.01987943889
1950,20,10825,1983,Normal,179980.7397648981
1951,20,18559,1978,Normal,236843.01536564255
1952,20,14450,1979,Normal,213243.00631492003
1953,20,13068,1976,Normal,173166.9820944164
1954,60,10400,1980,Normal,183541.78877931248
1955,60,9743,1969,Normal,141660.35444623206
1956,60,12511,1978,Normal,259728.1996745025
1957,20,10400,1976,Normal,159509.01590888115
1958,60,14311,1996,Normal,279461.10575442034
1959,90,9000,1974,Normal,152489.2333776647
1960,20,10295,1969,Normal,129135.60021042993
1961,20,7560,1971,Normal,133996.2538376929
1962,160,1680,1973,Normal,121328.91517415934
1963,160,1890,1972,Normal,123025.60012707023
1964,160,1680,1972,Normal,129291.22172790604
1965,160,2308,1975,Normal,154464.34476322634
1966,120,2529,1977,Normal,154070.5001615067
1967,20,12704,2007,Partial,284371.3130604775
1968,20,13693,2007,Normal,367116.65616048785
1969,20,14418,2007,Normal,355455.94808221457
1970,60,13418,2006,Abnorml,371882.2309310968
1971,60,12539,2005,Normal,364026.87260101177
1972,60,12151,2005,Normal,326155.46253577946
1973,60,8899,2007,Normal,252511.33036224198
1974,60,10574,2004,Normal,303141.4301169188
1975,20,12720,2003,Normal,400761.074612123
1976,20,10845,2003,Normal,265634.36595569487
1977,60,16900,2001,Normal,338380.8486118681
1978,60,16451,2003,Normal,323123.2501000371
1979,120,10110,2008,Partial,307696.395413413
1980,120,12304,2005,Normal,208684.58557170676
1981,120,8232,2007,Partial,332132.866541122
1982,120,6240,2006,Normal,217229.8777728105
1983,120,6240,2006,Normal,214364.65932868893
1984,160,2448,2003,Normal,188666.97477982967
1985,120,3940,2003,Normal,222208.22036942976
1986,120,3940,2004,Normal,225890.27869641388
1987,20,3710,2007,Partial,197678.3142373569
1988,60,9024,2004,Normal,197575.5521439869
1989,60,8010,2002,Normal,202135.93424964743
1990,60,8396,2003,Normal,213785.22643761293
1991,120,7301,2007,Partial,210997.986534317
1992,60,8220,2000,Normal,205759.10352785856
1993,60,7750,2002,Normal,195292.79297232465
1994,60,12460,1999,Normal,220020.87381311163
1995,60,8390,1999,Normal,186374.41591448485
1996,75,9660,1997,Normal,245362.60725811785
1997,60,11000,2000,Normal,302028.8273319715
1998,20,11675,1998,Normal,303185.5339968185
1999,60,10990,1996,Normal,252195.2731513307
2000,60,11929,1995,Normal,274361.50368143193
2001,60,10010,1993,Normal,265777.93884681654
2002,20,13253,2006,Normal,242523.90327936664
2003,60,9801,2007,Normal,251031.46894373873
2004,60,9428,2007,Partial,265550.40434268554
2005,20,10037,2006,Normal,228629.77771822622
2006,20,8640,2007,Partial,211671.65761647304
2007,20,10625,2007,Normal,246143.1998097014
2008,20,7500,2007,Partial,204488.764958669
2009,60,10110,2003,Normal,200663.42062645583
2010,60,12774,2003,Normal,205680.759193122
2011,20,13072,2005,Normal,151002.2665592543
2012,20,9260,2007,Normal,195049.5966048477
2013,60,8453,1995,Normal,192997.97365844925
2014,60,8480,1993,Normal,197126.41339906387
2015,60,14565,1994,Normal,203391.5051669021
2016,60,8450,2001,Normal,198757.24135984725
2017,60,8285,1992,Normal,207042.8293646537
2018,20,9100,1963,Normal,141271.70929659624
2019,20,8100,1961,Normal,139971.7223703514
2020,190,8450,1968,Normal,122033.98592595493
2021,20,6360,1963,Abnorml,130394.63856678885
2022,20,19508,1974,Normal,170109.18244353498
2023,50,10759,1972,Normal,149029.5274955032
2024,60,9205,1990,Normal,232638.85138031037
2025,60,11025,1993,Normal,293995.7902215713
2026,120,3435,2004,Normal,194362.92740422493
2027,160,3180,2005,Normal,178144.23370858454
2028,160,3180,2007,Abnorml,179314.06142498998
2029,160,2280,1999,Normal,167498.97451207563
2030,120,4765,2000,Normal,246454.46643407733
2031,120,4538,2001,Normal,220386.64017963334
2032,120,4385,2001,Normal,231680.08385569256
2033,120,4109,1999,Normal,240543.13253859803
2034,160,2160,1999,Normal,179398.1559855394
2035,60,10646,2001,Normal,196864.7207103237
2036,160,2645,1999,Normal,195901.11847724437
2037,160,2645,1999,Normal,197936.94062477237
2038,160,3951,1998,Normal,256291.9606537559
2039,120,11064,1995,Normal,209664.5156048483
2040,60,24572,1977,Family,271169.6390962024
2041,20,16280,1976,Normal,233749.1200325832
2042,60,7500,2002,Normal,200389.189685004
2043,80,11104,1969,Normal,161864.11279696305
2044,20,11050,1968,Family,169465.24887991222
2045,20,15387,1967,Normal,185334.0532697907
2046,90,9750,1965,Normal,148943.92056684545
2047,60,8814,1968,Normal,148080.55977202248
2048,20,8125,1965,Normal,144330.08694750033
2049,90,11072,1965,Normal,150215.06994714984
2050,60,13355,1971,Normal,167268.0959000206
2051,20,7785,1956,Normal,128715.80871553073
2052,20,9900,1961,Abnorml,142704.78989229762
2053,20,11332,1960,Normal,143910.4046730162
2054,70,4882,1937,Normal,119063.36953494484
2055,20,9600,1960,Normal,165163.66423234149
2056,20,9600,1950,Normal,148221.33594058934
2057,20,7584,1953,Normal,133213.0777065417
2058,60,14670,1966,Normal,204301.00607899012
2059,20,8856,1957,Normal,143261.05479964477
2060,20,9840,1959,Normal,160977.75740968392
2061,20,13200,1958,Normal,163432.64832937185
2062,20,10425,1956,Normal,136349.70866802096
2063,20,11556,1952,Normal,131193.91000620474
2064,20,9373,1953,Normal,139834.88479522718
2065,20,12774,1953,Normal,128825.96440691061
2066,20,14250,1957,Normal,169295.40687619353
2067,20,8838,1957,Normal,161715.8943403058
2068,90,12436,1957,Normal,154459.84377281653
2069,20,10122,1948,Normal,110628.31653765256
2070,50,7506,1925,Normal,121989.50015393716
2071,30,5400,1940,Normal,131755.6345299188
2072,50,10836,1922,Normal,143767.6387235868
2073,20,10180,1968,Normal,146433.32640124325
2074,20,11355,1958,Normal,167282.11941561045
2075,20,12929,1960,Normal,138898.95896046184
2076,20,7200,1951,Abnorml,135115.74440971273
2077,20,8000,1959,Normal,145990.2218194288
2078,20,8000,1962,Normal,131136.95290017794
2079,50,8064,1948,Normal,141239.7196266754
2080,45,6390,1954,Normal,124108.79820130867
2081,50,7200,1954,Normal,129560.52401642065
2082,90,8513,1961,Abnorml,142449.31976198376
2083,50,7200,1955,Normal,139244.21846898703
2084,20,7200,1954,Normal,124851.54259906203
2085,20,7590,1963,Normal,134266.26391756578
2086,20,9836,2008,Abnorml,146356.26734146106
2087,50,9184,1948,Normal,131487.29744558476
2088,70,4800,1910,Normal,121210.94923543265
2089,30,4800,1940,Normal,114762.60560898016
2090,75,6000,1915,Normal,139764.47817219005
2091,190,11426,1910,Normal,133671.1142460016
2092,50,7628,1940,Normal,140830.72804070442
2093,50,7308,1920,Normal,128955.93223271768
2094,30,5400,1920,Normal,140259.07946285856
2095,190,10800,1940,Normal,144304.761806447
2096,30,6756,1910,Normal,106849.55460181559
2097,50,5914,1890,Normal,119687.00457156688
2098,50,9000,1946,Normal,139476.68386609116
2099,20,7311,1946,Abnorml,105445.9207706498
2100,20,12205,1949,Abnorml,136726.8633073576
2101,190,9142,1900,Normal,135862.96810525967
2102,75,5350,1920,Normal,138479.88245619697
2103,50,9143,1900,Normal,122189.0933883459
2104,190,9600,1920,Normal,144299.92714010866
2105,70,6000,1905,Normal,145970.38699038688
2106,70,11340,1920,Normal,112303.43975824877
2107,70,10800,1890,Normal,181427.89299199943
2108,20,9750,1959,Normal,125133.79180045363
2109,20,8516,1958,Normal,125191.95259181365
2110,30,7111,1928,Normal,140220.22518807405
2111,50,7425,1945,Abnorml,150490.0888860593
2112,50,7010,1935,Normal,142217.55732287315
2113,50,5000,1941,Normal,127726.67159833563
2114,70,5870,1900,Normal,126171.63313152266
2115,50,6000,1940,Normal,139871.9392444969
2116,30,6000,1924,Normal,129112.1931355008
2117,50,6000,1937,Normal,144235.3098774635
2118,50,6000,1939,Normal,133714.61782847706
2119,45,5000,1926,Normal,121832.41111996015
2120,50,5520,1920,Normal,126890.44800937841
2121,20,5940,1946,Abnorml,118776.62902777662
2122,50,6240,1929,Normal,124626.68635023077
2123,30,6120,1945,Normal,115652.89948609805
2124,50,6240,1939,Normal,159213.32267811228
2125,70,6120,1923,Normal,146064.7997416662
2126,50,9144,1915,Normal,157399.74216866272
2127,60,8094,1910,Normal,151879.98732295312
2128,50,4347,1910,Normal,139361.7479069752
2129,30,6291,1930,Normal,129563.97949810525
2130,70,10266,1952,Abnorml,134872.14170217296
2131,50,6876,1938,Normal,155502.01915127362
2132,50,10320,1915,Normal,127188.5638851059
2133,30,7200,1925,Normal,130882.76950990557
2134,50,7006,1925,Family,137930.62274024295
2135,30,10320,1912,Family,128135.70591648022
2136,190,10320,1915,Normal,122482.52845497787
2137,20,9488,1947,Abnorml,132972.55227401818
2138,85,11235,1963,Abnorml,143329.15466782628
2139,80,13014,1978,Normal,149543.60536305018
2140,20,10265,1967,Normal,140141.77627272572
2141,85,7703,1978,Normal,148113.2704501593
2142,20,9981,1967,Normal,137369.92678990142
2143,85,7400,1984,Normal,148874.86862803006
2144,190,12900,1920,Alloca,144006.01783723358
2145,20,9239,1963,Normal,141520.9473622035
2146,20,14175,1956,Normal,151649.41211972764
2147,190,10532,1960,Abnorml,167229.21239895688
2148,50,8375,1941,Normal,139274.52665146883
2149,80,10200,1970,Normal,158778.49796761657
2150,20,20270,1979,Normal,191979.30646610295
2151,50,5190,1948,Normal,134696.43267530616
2152,30,19550,1940,Normal,166346.65099102448
2153,20,9571,1956,Normal,155111.4430753825
2154,90,9350,1975,Normal,119315.2054496943
2155,60,9360,1962,Normal,146066.49784254262
2156,60,9771,1995,Normal,234776.05040019884
2157,20,9938,1994,Normal,226845.69471313863
2158,60,14171,1993,Normal,225220.6278507226
2159,80,10541,1996,Normal,212040.32942816534
2160,60,10616,2007,Partial,197345.50767578045
2161,20,9345,2007,Normal,242320.6771303218
2162,20,11778,2008,Abnorml,330601.5225717984
2163,20,11778,2008,Partial,338502.62381402304
2164,80,11454,1995,Normal,248878.3468102391
2165,20,11500,1966,Normal,173908.3563136859
2166,20,9750,1994,Normal,152458.139219954
2167,20,8696,1997,Normal,205782.05683905556
2168,60,13142,1997,Normal,194398.32737022007
2169,60,8998,2000,Normal,200836.1858856067
2170,60,12192,2000,Normal,212414.04778489063
2171,20,12250,1978,Normal,149788.48778020398
2172,20,9216,1975,Abnorml,141285.66981238165
2173,20,14330,1975,Normal,162872.69925513267
2174,60,10400,2001,Normal,218848.36359828315
2175,60,9720,2001,Normal,262797.63699644513
2176,20,14860,2002,Normal,302307.71058688423
2177,60,10905,2003,Normal,229033.52904358908
2178,60,11690,1999,Normal,216827.32438563454
2179,120,4426,2004,Normal,169438.29511552697
2180,90,10126,1997,Abnorml,223028.43057113962
2181,20,9750,2004,Normal,201383.13966991997
2182,20,11058,2007,Normal,229428.83923058203
2183,20,9627,2007,Normal,201799.88572951566
2184,20,9825,1966,Abnorml,135171.41986763274
2185,85,12102,1976,Family,143385.06004988158
2186,20,6500,1976,Normal,145194.4114384093
2187,80,9638,1977,Normal,149164.8442531163
2188,60,7200,1976,Normal,156145.11853444407
2189,20,47007,1959,Normal,221317.5231663192
2190,90,6012,1955,AdjLand,119776.55709327715
2191,90,6845,1955,Normal,117353.0575410311
2192,190,6931,1955,Normal,107883.24380345248
2193,50,12180,1938,Family,122541.26593654732
2194,50,8050,1947,Normal,123422.02446235798
2195,20,9520,1953,Normal,131453.8192249795
2196,80,7692,1954,Abnorml,135392.45593351236
2197,30,5142,1923,Normal,126368.27686582791
2198,30,7290,1921,Normal,153741.56018674953
2199,90,7804,1930,Abnorml,155921.63082422668
2200,70,8969,1926,Normal,136350.3163807977
2201,50,15564,1914,Normal,143249.68809574767
2202,70,7609,1925,Normal,179926.14773036182
2203,70,9650,1923,Normal,151907.26869768533
2204,50,11700,1937,Normal,166203.87858980923
2205,50,9260,1938,Normal,125643.6319451738
2206,20,7801,1951,Normal,138266.7068981404
2207,70,9670,1935,Alloca,180240.38074325828
2208,50,12392,1950,Normal,204177.80764869606
2209,20,26073,1956,Normal,191586.7822873259
2210,160,1879,1980,Normal,140319.8882368108
2211,30,7000,1926,Normal,121210.88676984444
2212,50,6000,1940,Normal,124783.50904145239
2213,50,8155,1930,Normal,119822.15968566961
2214,80,6000,1967,Normal,149200.52027356348
2215,30,7392,1930,Normal,119835.24326567103
2216,50,9000,1958,Normal,149884.43358701206
2217,20,14584,1952,Abnorml,122514.1425347957
2218,70,5280,1895,Normal,112722.46498255618
2219,50,5150,1910,Normal,106886.12418252621
2220,70,9000,1920,Normal,115770.68364367845
2221,120,3843,2007,Partial,280050.4975673611
2222,120,3811,2004,Normal,254818.43520188914
2223,20,23730,1996,Normal,282831.1328069383
2224,60,11050,1996,Normal,219527.88069163865
2225,90,10260,1976,Abnorml,150121.93830444058
2226,20,9990,1991,Normal,191679.82439030622
2227,120,4084,1986,Normal,203274.0554060327
2228,20,11563,2006,Normal,273439.15510716406
2229,60,12852,2007,Partial,230951.72340672265
2230,80,9802,2006,Normal,166156.77867468726
2231,60,12018,2008,Partial,219498.65535349294
2232,20,12890,1989,Normal,183956.20437664533
2233,20,18265,1986,Normal,188956.04768718345
2234,20,11202,2003,Normal,241418.36064366734
2235,20,7915,1999,Normal,226638.76782520517
2236,20,11449,2007,Normal,254966.90769384435
2237,20,11447,2005,Normal,315615.5162029486
2238,90,8940,1997,Alloca,209949.65116612898
2239,20,9278,2007,Abnorml,135610.86271252562
2240,120,4500,1997,Normal,176068.2394780494
2241,85,14137,1964,Normal,160308.45024303457
2242,120,4224,1975,Normal,143065.84378829182
2243,160,2665,1976,Normal,145404.98353090035
2244,180,1974,1973,Normal,124314.02566815414
2245,180,1596,1973,Normal,126657.57601518872
2246,20,17979,1968,Normal,143533.55293552735
2247,160,1477,1970,Normal,129087.24934708419
2248,20,6490,1983,Normal,136157.31933895612
2249,20,6600,1982,Normal,138215.23349441082
2250,20,12395,1984,Normal,143976.85847419
2251,70,56600,1900,Normal,142596.1857948414
2252,20,10667,1971,Normal,167059.74806665632
2253,80,8872,1997,Normal,168889.18934031273
2254,80,10147,1994,Normal,177082.30801077516
2255,60,8637,1999,Abnorml,185719.17186987278
2256,60,7875,1996,Normal,193690.4706356114
2257,60,7500,1999,Normal,195413.55263275182
2258,20,9556,1992,Normal,178150.36737756061
2259,60,7655,1993,Normal,179608.63141290998
2260,20,18160,1964,Alloca,154301.8668332567
2261,120,4740,1988,Normal,191763.04107632203
2262,120,5118,1990,Normal,203240.9938159203
2263,60,12328,2005,Normal,326725.2866568522
2264,20,51974,2006,Partial,363340.49366712564
2265,190,41600,1969,Normal,168001.142772174
2266,120,8035,2006,Normal,256354.19510573323
2267,20,14082,2006,Normal,316613.338197509
2268,20,13870,2006,Partial,347622.7800977368
2269,20,10960,1984,Abnorml,158694.76113640043
2270,60,12090,1981,Normal,197108.66499830064
2271,20,12299,1978,Normal,203214.61451280513
2272,60,11339,1979,Normal,194709.96582384984
2273,20,11850,1984,Normal,170490.34727281323
2274,20,10400,1979,Normal,172551.56544652325
2275,20,13001,1971,Normal,164378.10325612652
2276,80,8991,1976,Normal,178991.00350359717
2277,60,8000,1974,Normal,167662.55802114212
2278,20,9457,1970,Normal,144697.1753629383
2279,20,7920,1970,Normal,136932.91788162832
2280,20,17199,1961,Normal,127043.79138932796
2281,120,4113,2001,Normal,191386.29801262738
2282,120,10943,1997,Normal,198727.3038974506
2283,160,2205,1973,Normal,124019.66110151233
2284,160,2058,1973,Normal,133510.61104894624
2285,120,2304,1978,Normal,151424.48484721896
2286,20,7150,1966,Normal,128484.65369284603
2287,20,12469,2006,Partial,343761.3062230181
2288,20,11825,2006,Partial,280350.46388209733
2289,20,14333,2007,Partial,316127.0782305844
2290,60,13641,2007,Partial,380079.75164193613
2291,60,13440,2006,Partial,313035.97923604416
2292,20,15431,2005,Normal,377028.91305423144
2293,20,13891,2007,Partial,399490.6471108874
2294,60,13654,2005,Normal,344226.9409270633
2295,20,17169,2007,Partial,396517.83847809635
2296,60,16659,2007,Partial,256661.92400669132
2297,60,9709,2007,Partial,314479.19497192773
2298,20,13615,2006,Normal,332174.06642860855
2299,60,13069,2004,Normal,322103.35667077097
2300,60,14277,2003,Normal,304234.3718541675
2301,60,12568,2007,Partial,296681.8349651514
2302,20,9926,2005,Normal,241177.99435213133
2303,20,9254,2005,Normal,235906.68946660732
2304,60,10732,2006,Partial,246384.8364834618
2305,120,3901,2005,Partial,197343.37144934273
2306,120,3903,2005,Normal,196416.0205234439
2307,120,6289,2005,Normal,195135.18725759446
2308,120,4590,2006,Normal,223793.22897799418
2309,120,7841,2005,Normal,264583.4179706216
2310,120,6240,2006,Partial,215270.15339786542
2311,120,3242,2003,Normal,207085.20019027346
2312,60,15810,2007,Partial,191189.5268825154
2313,60,10237,2005,Normal,193712.1272169225
2314,60,13204,2006,Partial,187110.8504112793
2315,60,8857,2006,Partial,194043.85593037278
2316,60,9729,2006,Partial,205646.63234161772
2317,20,12216,2005,Normal,185653.83529439458
2318,60,8229,2007,Partial,192463.79356700342
2319,60,7713,2007,Partial,194996.3410076704
2320,20,7697,2007,Partial,193363.55059113124
2321,120,3621,2003,Normal,237169.4570353235
2322,20,3710,2007,Partial,194757.47369110928
2323,80,16219,2004,Normal,195025.93783442955
2324,80,11084,2004,Family,199934.42048988995
2325,20,10936,2006,Partial,212654.85832078516
2326,80,11950,2003,Normal,193646.10075759402
2327,60,7875,2003,Normal,209797.26696102202
2328,60,8740,2002,Normal,214209.48424951933
2329,60,9487,2000,Normal,185501.6829825349
2330,60,9649,1999,Normal,181400.72641193948
2331,60,12191,1997,Normal,318296.33620861056
2332,60,10557,1998,Normal,311576.08154750755
2333,60,11002,1998,Normal,284611.98304602574
2334,60,10790,1998,Normal,249159.3273241438
2335,60,11762,1992,Normal,255550.38082816443
2336,60,9044,1996,Normal,285849.20956100704
2337,20,9910,2007,Partial,200505.76708189838
2338,20,11830,2007,Partial,258391.8391804644
2339,20,10612,2006,Family,230693.2305536975
2340,20,12291,2007,Partial,355784.5978416782
2341,20,9965,2007,Partial,216963.2273399499
2342,20,8847,2005,Normal,222105.00857114865
2343,20,8251,2005,Normal,219487.16527849343
2344,60,9605,2006,Family,224237.277310197
2345,60,8778,2006,Normal,238174.87571278546
2346,20,8640,2007,Partial,209478.08462997418
2347,20,9000,2006,Partial,200100.73305056244
2348,60,8640,2007,Partial,221656.17945714487
2349,60,10411,2007,Partial,191141.47455637014
2350,60,12217,2007,Partial,294626.205366076
2351,20,10440,2007,Partial,239469.54541391332
2352,20,11824,2006,Normal,247200.83401869898
2353,60,10625,2004,Normal,252520.36845915392
2354,20,7500,2006,Partial,141116.9381049821
2355,20,7500,2006,Normal,164796.2061999144
2356,20,12450,2003,Normal,170230.807549219
2357,20,7441,2006,Normal,203435.07877395602
2358,60,11613,1993,Normal,202371.89511692603
2359,160,8012,1980,Normal,139397.93821491292
2360,20,6285,1977,Normal,129697.15779045488
2361,20,7476,1968,Normal,140240.6693320278
2362,60,19522,1990,Normal,230971.53017473573
2363,20,10751,1974,Normal,143916.9165629528
2364,20,12712,1973,Abnorml,157163.39687740107
2365,120,4379,2004,Normal,214415.90706985063
2366,120,3523,2006,Partial,204716.05376627936
2367,120,3784,2006,Partial,220741.22731535157
2368,120,3606,2006,Partial,215744.22140649572
2369,120,5330,2006,Partial,216168.87245390395
2370,160,2280,1999,Normal,168288.28931757293
2371,160,2117,2000,Normal,178306.7105230862
2372,20,7321,1999,Normal,190836.02240363086
2373,60,8010,2003,Normal,242760.80246596012
2374,60,8413,1998,Normal,267783.2310867462
2375,120,9466,1994,Normal,220992.6329997158
2376,20,12000,1980,Normal,253614.14527728077
2377,20,17778,1981,Normal,262987.1231742606
2378,20,11700,1968,Normal,150743.08504215442
2379,60,8000,1970,Normal,178078.85016624068
2380,85,8723,1969,Normal,147956.19634700406
2381,20,11700,1968,Normal,163036.0655240927
2382,20,11358,1972,Normal,184247.10977960913
2383,20,9547,1993,Normal,202657.24921545817
2384,60,10530,1993,Normal,222755.57145229666
2385,20,10738,1966,Normal,156423.7536892005
2386,20,10800,1963,Normal,140363.56093166536
2387,20,8050,1967,Normal,140132.94729203935
2388,90,10899,1964,Normal,139003.01348374586
2389,20,7450,1956,Normal,139287.07524152243
2390,20,14357,1961,Normal,150528.7277023285
2391,20,8243,1961,Normal,144632.0226438611
2392,20,8680,1960,Normal,125634.98360444496
2393,20,8800,1966,Normal,164205.74964441737
2394,80,9200,1965,Normal,148590.60653451868
2395,60,8800,1964,Normal,179637.37139734396
2396,20,11382,1964,Normal,148456.8978897744
2397,20,22002,1959,Normal,181880.61616119853
2398,45,12172,1940,Normal,140645.73310256016
2399,20,5000,1946,Normal,106800.26189325136
2400,50,3500,1945,Normal,101227.58973508072
2401,20,5175,1958,Normal,126123.91322623292
2402,20,9600,1955,Normal,138366.49778020373
2403,90,8668,1968,Normal,144877.11199393793
2404,85,10050,1966,Normal,159317.12277556292
2405,80,9600,1961,Normal,151168.9724061234
2406,20,8760,1957,Normal,135525.01821390243
2407,20,6860,1956,Normal,132904.95229234872
2408,20,8250,1963,Normal,145075.61393177503
2409,20,9100,1960,Normal,139247.4321164707
2410,20,9736,1957,Normal,159509.40806204293
2411,20,9770,1957,Normal,128386.40685688613
2412,20,12198,1955,Normal,151893.79103992443
2413,20,10050,1955,Normal,137577.0888315266
2414,20,11556,1953,Normal,139020.3992704426
2415,90,8078,1958,Normal,146860.37576309187
2416,20,10950,1952,Normal,129152.81829677094
2417,20,7942,1953,Normal,132100.49963304424
2418,20,8540,1956,Normal,131067.49161041898
2419,50,7150,1955,Normal,137344.88492970934
2420,20,8400,1955,Normal,135953.77532111222
2421,20,9532,1953,Normal,148860.59852886497
2422,20,15783,1952,Normal,128943.39743692527
2423,50,14190,1890,Normal,146255.00945408447
2424,50,12099,1953,Normal,155435.10846500288
2425,70,21281,1935,Family,222672.71272446477
2426,50,10284,1925,Abnorml,142177.9445139792
2427,70,10800,1895,Normal,137870.62113028503
2428,80,10090,1963,Normal,159772.61495067555
2429,20,8700,1961,Abnorml,130001.82592972202
2430,20,8300,1968,Normal,133124.6813347942
2431,20,7200,1950,Normal,137807.62811588662
2432,20,7500,1959,Normal,139347.69171741314
2433,20,7315,1958,Normal,142478.7409879661
2434,20,7903,1960,Family,140148.0178751748
2435,20,8000,1960,Normal,147772.1718646954
2436,20,7000,1961,Normal,132946.50454513027
2437,20,6600,1962,Normal,124225.39330236743
2438,85,6760,1962,Normal,136146.58088492087
2439,30,6978,1926,Normal,134077.19124805546
2440,50,6000,1927,Normal,131384.5874564154
2441,30,4480,1922,Normal,119250.43059770387
2442,30,3153,1920,Normal,119764.63463950835
2443,30,7200,1940,Normal,130916.5508031296
2444,50,9000,1900,Normal,143656.5658851619
2445,50,5925,1900,Normal,109631.00819075153
2446,70,9639,1900,Normal,146509.08445930018
2447,70,10337,1910,Normal,190842.33578488324
2448,70,9863,1927,Abnorml,140917.64995472945
2449,70,4571,1910,Normal,126608.5946730643
2450,50,8398,1910,Normal,147284.5109707088
2451,70,3600,1930,Partial,138906.28211012593
2452,75,13500,1879,Normal,175689.42355188058
2453,20,8626,1956,Normal,119690.8511530647
2454,80,11800,1949,Normal,153431.53137851285
2455,40,6854,1925,Normal,125526.22144592466
2456,50,8674,1950,Normal,128428.02039241957
2457,50,6125,1939,Normal,129689.60589314361
2458,70,6000,1939,Normal,132436.93228586615
2459,45,6120,1939,Normal,127295.53247564283
2460,50,6240,1938,Normal,139306.83815375916
2461,50,6240,1939,Normal,126075.72997218673
2462,50,6240,1930,Normal,131116.75542742672
2463,50,6120,1926,Normal,126798.94679643583
2464,70,7755,1918,Normal,157025.25960179788
2465,50,8850,1920,Normal,143391.21452014855
2466,50,8550,1926,Family,135674.69595803387
2467,70,5700,1929,Normal,151124.7663861318
2468,45,5680,1901,AdjLand,118133.7078192247
2469,50,5680,1901,AdjLand,111527.14671785895
2470,80,13200,1963,Normal,175021.68632079056
2471,60,9780,1950,Normal,175828.95452734144
2472,50,10320,1915,Normal,159462.59873353553
2473,190,4330,1958,Abnorml,135589.94222304487
2474,50,10320,1910,Abnorml,125963.23564232499
2475,70,12888,1937,Normal,176472.8082854899
2476,190,4484,1942,Normal,118846.11559541561
2477,190,11235,1963,Normal,132045.4029145583
2478,85,11235,1964,Normal,155372.92318555762
2479,20,14299,1964,Normal,132854.544893055
2480,80,14149,1964,Normal,158064.80877951588
2481,20,11677,1966,Normal,136820.14993138623
2482,190,8425,1971,Normal,138254.25729014562
2483,20,8665,1968,Normal,131892.3328333343
2484,20,8398,1967,Normal,133543.13126239987
2485,20,8169,1966,Normal,132647.3579731542
2486,20,14175,1956,Normal,146683.14160879285
2487,60,16779,1920,Normal,198047.51550084326
2488,50,6960,1940,Normal,145318.72509106825
2489,20,11375,1954,Normal,155686.62527893382
2490,20,13770,1958,Normal,146733.83512061724
2491,20,9000,1945,Normal,124302.681545081
2492,20,11075,1984,Normal,179310.35426043294
2493,20,17541,1948,Normal,162554.4370846803
2494,20,22692,1953,Normal,158315.97146551212
2495,20,17808,1946,Normal,123127.35604642074
2496,20,12671,1954,Normal,212727.36860215745
2497,50,10512,1954,Normal,140701.53513943197
2498,20,5400,1958,Normal,129786.49051380678
2499,30,11515,1958,Normal,121259.51579026291
2500,120,3869,1984,Normal,154693.0729706729
2501,20,9280,1951,Normal,136212.15056325682
2502,50,11100,1951,Normal,141712.37524511962
2503,50,7550,1920,Normal,124252.80123460661
2504,50,23920,1984,Normal,179018.8433026322
2505,60,9317,1994,Normal,215203.33385550766
2506,20,9178,2007,Partial,251712.19762337898
2507,20,10481,2006,Partial,280351.1228714854
2508,20,10235,2007,Partial,251987.34120082532
2509,20,11750,2005,Normal,235453.05318637937
2510,20,8760,2006,Normal,224010.27923074036
2511,20,7242,2005,Normal,194567.44434446256
2512,60,9316,2005,Normal,210523.73630313246
2513,60,8883,1988,Normal,213111.83942929973
2514,20,20064,1976,Normal,220872.71151473248
2515,20,14217,1994,Normal,155653.4847958523
2516,60,10021,1997,Normal,182300.37911708673
2517,20,8428,1994,Normal,145778.18345713278
2518,20,16561,1996,Normal,154689.5180404267
2519,60,10820,1999,Normal,216181.55128354084
2520,60,12352,1998,Normal,206446.48334362576
2521,60,9543,2001,Normal,201506.0022358844
2522,60,8826,2000,Normal,214295.0119742085
2523,20,11800,1974,Family,141887.14758994608
2524,80,8660,1976,Normal,146928.07925734294
2525,80,9720,1977,Normal,145072.8536342959
2526,20,8982,1977,Normal,139859.3111258089
2527,20,16300,1977,Normal,137056.58254085938
2528,20,9675,1975,Normal,139045.65704261267
2529,20,7200,1972,Normal,140609.78915548394
2530,20,7200,1972,Normal,137932.23441976568
2531,20,11354,2000,Normal,233135.22089783635
2532,60,8749,2003,Normal,214958.3229993784
2533,60,8158,2002,Normal,203986.50680663055
2534,20,11927,1994,Normal,230386.13192226103
2535,60,12728,2001,Normal,259455.0657981391
2536,60,15295,1996,Normal,220359.32317437523
2537,20,17227,1999,Normal,215400.68494285704
2538,60,8145,2007,Partial,198467.8082466981
2539,20,8769,2005,Normal,195963.8130217298
2540,20,8334,2006,Partial,190499.6798570276
2541,60,8333,2006,Normal,197391.28670023114
2542,60,9045,2005,Normal,189377.36674616535
2543,85,9825,1967,Abnorml,139510.9206075895
2544,20,8308,1963,Normal,133793.09817888544
2545,50,16287,1925,Normal,141517.14565999093
2546,20,8240,1960,Normal,144063.61213982783
2547,80,6285,1976,Normal,141122.10525254224
2548,90,9555,1979,Normal,160269.04423385544
2549,60,7023,2005,Normal,173982.75478798035
2550,20,39290,2008,Partial,431897.57310226565
2551,180,3675,2005,Normal,160660.92639747134
2552,20,6400,1959,Normal,129960.33342151425
2553,90,6882,1955,Normal,123599.48388882818
2554,90,8741,1946,Abnorml,128526.90129539043
2555,40,10042,1920,Normal,127180.32125891084
2556,20,8172,1955,Normal,125673.82698209462
2557,20,8172,1955,Family,133308.73042530444
2558,90,10890,1923,AdjLand,153405.27963364433
2559,30,7223,1926,Normal,136695.95063472475
2560,50,6821,1921,Normal,144083.71925539515
2561,70,4000,1930,Normal,140257.55026158842
2562,70,6720,1921,Normal,135279.11643893874
2563,70,7155,1926,Normal,138089.16544564842
2564,70,7230,1927,Normal,169524.00950974674
2565,20,13108,1951,Normal,154546.759132254
2566,50,7810,1930,Normal,161438.12555616206
2567,190,6221,1941,Normal,139709.59034921968
2568,20,25485,1960,Normal,173008.11420174717
2569,20,21579,1968,Normal,179308.61324419297
2570,160,1782,1980,Normal,140220.58333190638
2571,20,17871,1995,Normal,192361.08570380192
2572,120,3907,1988,Normal,164897.99572508686
2573,20,20693,1971,Normal,191501.3237154527
2574,20,18044,1986,Normal,244628.31128936957
2575,50,7000,1940,Normal,137467.92377218066
2576,50,7288,1925,Normal,141023.07669269253
2577,70,9060,1923,Alloca,148917.23419702819
2578,30,3672,1922,Normal,111588.27037091203
2579,50,11067,1939,Normal,112427.57003974369
2580,190,8250,1895,Normal,135835.62813528688
2581,20,6565,1957,Abnorml,138672.3831218878
2582,30,6060,1930,Normal,131111.23232582255
2583,120,5568,2006,Partial,244863.14795838422
2584,85,12150,1979,Normal,166104.70747990758
2585,20,10000,2002,Normal,213690.32754915755
2586,20,12864,2002,Normal,210297.68612998095
2587,20,9928,1991,Normal,188652.53363100695
2588,80,8750,1975,Normal,143804.58826358843
2589,85,8410,1974,Normal,144280.71692528398
2590,120,4054,1987,Normal,214073.05699547482
2591,20,19958,1958,Normal,193908.5372013631
2592,20,8368,2006,Partial,213719.32932551648
2593,20,8298,2006,Partial,240887.48344017164
2594,20,10331,1985,Normal,172984.3802842678
2595,20,6718,2001,Normal,209550.99615129785
2596,20,11305,2002,Normal,293339.9521128213
2597,20,7777,1996,Normal,207413.24780803543
2598,60,11800,2003,Normal,239334.62295466725
2599,20,12633,2006,Partial,322958.32807140215
2600,20,43500,1953,Normal,187109.9121047576
2601,120,6710,1996,Normal,166043.19899358237
2602,160,1504,1972,Normal,119389.15102959874
2603,180,1533,1970,Normal,123040.26382351239
2604,160,1495,1970,Normal,115546.56949337604
2605,160,1890,1976,Normal,124091.83416533364
2606,85,9129,1977,Normal,160016.50847687907
2607,80,15957,1977,Normal,185004.3056500075
2608,20,33983,1977,Normal,179994.89387657074
2609,60,8286,1977,Normal,166245.3147489828
2610,85,6723,1971,Normal,120385.95161879843
2611,20,27697,1961,Abnorml,146497.62050923583
2612,20,11000,1976,Normal,152644.3816676649
2613,20,11625,1983,Normal,141298.34008573138
2614,20,10447,1984,Normal,138242.71889492925
2615,20,11027,1954,Normal,149770.77160154263
2616,20,10533,1956,Normal,141667.1940282502
2617,20,11765,1957,Normal,178814.20563802717
2618,20,39384,1957,Abnorml,185486.15360406684
2619,20,11727,1969,Normal,189789.15744474577
2620,60,8238,1997,Normal,179816.36569812
2621,60,13041,1995,Normal,182637.13766459885
2622,60,9783,1996,Normal,185390.1289456646
2623,60,13128,2005,Normal,229379.56191747854
2624,60,13751,2005,Partial,273125.95157375437
2625,160,13108,1994,Normal,263927.753127913
2626,20,8076,1993,Normal,173102.6622495471
2627,120,3701,1987,Normal,175675.07592060676
2628,60,16023,2005,Partial,355805.03790559893
2629,60,18062,2006,Partial,398377.1865172233
2630,60,12292,2006,Partial,309569.5226672398
2631,60,16052,2006,Partial,381242.81958317285
2632,60,15922,2005,Partial,345046.2419353224
2633,120,8147,2005,Normal,273619.3616366396
2634,20,18261,2005,Normal,349528.9096414506
2635,85,10464,1980,Normal,156038.5872748935
2636,60,10530,1978,Normal,178418.92883205533
2637,85,9927,1976,Normal,181635.38752058175
2638,60,9512,2005,Partial,226443.8227905584
2639,80,10530,1975,Normal,174097.6938011003
2640,20,10000,1974,Normal,153253.16325597302
2641,20,7200,1971,Normal,130993.59286531992
2642,120,8773,2002,Normal,202485.71808875204
2643,160,2760,1973,Normal,131127.97933930688
2644,160,2160,1973,Normal,145125.58976262572
2645,160,1890,1972,Normal,124519.62838917437
2646,160,1680,1972,Normal,120812.86758025191
2647,160,1680,1972,Normal,125414.00701433937
2648,120,4043,1975,Normal,154029.60920485167
2649,20,7514,1967,Normal,143381.92045798711
2650,120,2280,1976,Normal,146033.95809170327
2651,160,2179,1976,Normal,158866.03866051315
2652,60,16387,2006,Partial,371728.6780114604
2653,20,16163,2004,Normal,253163.71406259536
2654,20,12228,2006,Partial,274391.0096648238
2655,20,14780,2005,Normal,360842.8210929723
2656,60,13975,2005,Partial,306033.7347049772
2657,60,9942,2005,Partial,307279.4700672489
2658,60,12867,2005,Partial,268271.9425915737
2659,60,10672,2006,Partial,293479.4310439219
2660,60,11643,2005,Partial,328728.2641224173
2661,20,13758,2005,Partial,330597.3513221429
2662,20,14828,2004,Normal,352061.11789986014
2663,60,13215,2004,Normal,265725.91079100367
2664,120,5911,2005,Normal,261057.36225062484
2665,20,7740,2006,Partial,301522.53884875274
2666,120,6373,2006,Partial,262712.6805429565
2667,60,10237,2005,Partial,194375.32550961946
2668,60,10237,2006,Partial,199596.8646382786
2669,20,11660,2006,Partial,195612.28346176137
2670,60,11631,2004,Partial,263081.2295530572
2671,60,9073,2006,Partial,200420.77581322505
2672,120,3087,2006,Partial,199335.4163592535
2673,120,2938,2002,Normal,209046.52790331273
2674,120,3072,2004,Normal,210600.52191372256
2675,120,3010,2005,Partial,192620.81209167177
2676,60,9171,2004,Normal,201449.51636704107
2677,60,8658,2000,Normal,187084.3389901311
2678,60,12104,2006,Partial,239893.51524426677
2679,60,9660,1998,Normal,263252.8583193152
2680,60,9545,2000,Normal,262060.82478175213
2681,60,9233,2000,Normal,334539.6040542886
2682,60,10019,1995,Normal,283744.6762201825
2683,60,17242,1993,Normal,411923.53467695275
2684,60,10236,1994,Normal,283453.03643638437
2685,60,12585,1993,Normal,286084.9905428157
2686,60,12447,2005,Partial,245426.7264285394
2687,20,15218,2006,Partial,283077.4339483298
2688,20,10936,2006,Partial,220041.05483971632
2689,20,8640,2006,Partial,207675.03483882544
2690,60,13162,2006,Partial,377282.87079317716
2691,60,8125,2005,Normal,197471.72884647592
2692,20,7733,2005,Normal,144240.19386957493
2693,20,11024,2005,Partial,206778.50396111104
2694,20,13072,2005,Partial,149364.63683608195
2695,60,7800,2005,Normal,201649.40240577466
2696,60,7632,2005,Normal,198814.07989726248
2697,60,8304,1997,Normal,187667.4022237577
2698,60,9370,1992,Family,199697.62868287685
2699,120,7175,1990,Normal,188754.51628661112
2700,120,7175,1991,Normal,183490.68581231497
2701,60,9019,1994,Normal,177415.980951149
2702,20,9100,1962,Normal,133891.11456202395
2703,90,8927,1977,Normal,150550.0899817869
2704,20,9240,1962,Normal,143758.73885397182
2705,20,9308,1965,Normal,130674.50897791858
2706,20,8450,1968,Normal,131871.1911383852
2707,20,8638,1963,Normal,137774.14040870726
2708,20,13052,1965,Normal,134229.05989485915
2709,20,8020,1964,Normal,116073.92903334156
2710,20,8789,1967,Normal,133846.99620858376
2711,80,14330,1974,Normal,239291.39563762897
2712,60,11025,1992,Normal,315271.8337497136
2713,120,3628,2004,Normal,189977.36541305875
2714,160,2544,2005,Normal,180834.1698698138
2715,160,2998,2000,Normal,177512.8176795927
2716,160,4447,2003,Normal,187189.6381785323
2717,60,8314,1997,Normal,197083.54365105342
2718,20,7180,2001,Normal,219134.14910329622
2719,190,13110,1972,Normal,164437.59126812173
2720,20,10140,1967,Normal,165283.4890410729
2721,20,9600,1968,Normal,141223.5306490095
2722,60,8640,1968,Normal,161829.94046245367
2723,20,9360,1968,Abnorml,148435.12061657666
2724,85,8400,1968,Normal,136963.249415948
2725,20,9759,1966,Normal,136504.12925810507
2726,80,9600,1967,Normal,142509.28589836534
2727,190,8800,1965,Abnorml,173716.82211535829
2728,20,10368,1964,Normal,160546.5791352176
2729,60,9350,1964,Normal,154124.4303991775
2730,20,10800,1960,Normal,139299.89043613628
2731,30,8550,1934,Normal,129597.24556566447
2732,20,9724,1947,Normal,129996.3270447023
2733,20,9600,1961,Normal,153620.80943412616
2734,20,10858,1952,Partial,156447.83649860843
2735,20,9600,1951,Normal,140796.19948009957
2736,60,9462,1949,Normal,146417.71778659313
2737,20,9888,1954,Normal,127810.48629233139
2738,90,8917,1967,Normal,146899.37180236503
2739,80,12700,1964,Normal,155164.07918635765
2740,20,9723,1963,Normal,138183.18396846953
2741,20,8400,1957,Normal,145000.24934009238
2742,20,9610,1958,Normal,154036.29402776578
2743,80,10000,1956,Normal,144601.5613714529
2744,20,10152,1956,Normal,147340.6426783452
2745,20,8092,1954,Abnorml,139153.8999057815
2746,20,12778,1952,Normal,137445.38864652463
2747,20,10170,1951,Normal,152203.94580401544
2748,80,7700,1956,Normal,138497.23496460842
2749,20,11050,1956,Normal,135192.19362295698
2750,20,13600,1955,Normal,138257.4167515837
2751,20,15428,1951,Normal,135860.57682472782
2752,30,21299,1941,Abnorml,196477.93994379436
2753,20,13300,1956,Normal,151299.30559793042
2754,190,22136,1925,Normal,215672.38125076564
2755,50,7500,1947,Normal,134615.26698869764
2756,30,10410,1930,Normal,121361.19914103957
2757,30,10914,1929,Normal,115922.65295123945
2758,50,7008,1900,Normal,123092.97590172266
2759,70,7200,1915,Normal,151293.62868451918
2760,50,10818,1910,Abnorml,147245.62158250783
2761,80,10184,1963,Normal,142486.7937687379
2762,20,9510,1962,Normal,143198.76510866015
2763,20,10800,1961,Normal,171017.75625772364
2764,20,11650,1959,Normal,173482.8536663305
2765,60,18275,1962,Normal,212825.40384611778
2766,50,12144,1950,Normal,138611.6072818343
2767,90,8544,1950,Normal,119014.47936219317
2768,90,8512,1960,Normal,141059.95292243373
2769,20,7000,1961,Normal,138717.93215567592
2770,20,7400,1962,Normal,142716.73155842602
2771,20,7000,1962,Normal,129156.72168992274
2772,190,7000,1962,Normal,124444.85847817737
2773,70,9856,1900,Normal,170410.66955661977
2774,50,9600,1948,Normal,132985.39422042432
2775,50,5520,1920,Normal,132612.99883911104
2776,50,9600,1900,Normal,139486.33259836756
2777,70,6451,1900,Normal,148310.09293675143
2778,70,3960,1930,Normal,124632.5913963379
2779,190,7745,1900,Normal,161228.104357339
2780,30,7741,1924,Abnorml,117939.68013190816
2781,30,5633,1925,Normal,117167.81882606092
2782,20,7200,1950,Normal,122058.69135055561
2783,70,7614,1905,Normal,122637.30504821082
2784,190,6000,1955,Normal,131373.04925493538
2785,50,6000,1924,Normal,145568.7763019458
2786,30,7830,1921,Normal,106884.66196482193
2787,50,9576,1945,Normal,124424.31321536464
2788,30,5747,1920,Normal,115642.50054173425
2789,75,6300,1910,Normal,166822.50986687967
2790,90,5976,1920,Normal,119186.88467880106
2791,20,9750,1958,Normal,134014.65591839416
2792,50,4761,1918,Normal,101299.73319128877
2793,70,11737,1924,Normal,145177.5331233622
2794,50,6120,1930,Abnorml,125198.50154326674
2795,50,6120,1930,Normal,126598.08613535367
2796,30,11672,1925,Normal,115887.22970867291
2797,50,33120,1962,Normal,174855.27765829372
2798,50,10320,1924,Abnorml,133471.44126435186
2799,70,7518,1910,Normal,137492.9120753018
2800,30,9000,1919,Abnorml,103762.75726975514
2801,30,7200,1930,Family,121133.52177062652
2802,50,12375,1951,Normal,137904.56595686657
2803,90,11136,1964,Normal,164131.99807175706
2804,20,21370,1950,Normal,155836.67595777736
2805,30,8250,1935,Normal,117895.47623500129
2806,30,5220,1936,Normal,117708.5254997526
2807,20,5500,2004,Normal,159594.62746774865
2808,20,11327,1967,Normal,148087.86375146592
2809,80,10366,1964,Normal,131734.5416910749
2810,20,9000,1966,Abnorml,136711.693324368
2811,20,9535,1967,Normal,154889.81512591138
2812,80,7176,1978,Normal,144271.8832916426
2813,90,9662,1977,Normal,171295.5051969764
2814,90,8235,1977,Normal,164024.806100402
2815,30,17529,1924,Normal,118768.46517865965
2816,20,20355,1967,Normal,195633.3954829329
2817,20,13050,1963,Normal,153473.89718035952
2818,85,10820,1971,Normal,139546.85579090173
2819,150,1700,1980,Normal,184559.50657015262
2820,20,9375,1954,Normal,149004.5956162883
2821,50,6488,1942,Family,126741.40697999562
2822,70,19950,1928,Normal,180499.82728217504
2823,75,19800,1935,Normal,239839.0802505951
2824,80,11679,1962,Normal,182153.21183954796
2825,20,12048,1952,Normal,166792.86396026632
2826,20,10519,1955,Normal,134989.2662704355
2827,50,9525,1953,Normal,135682.23346519488
2828,60,12128,1989,Abnorml,229444.3310807303
2829,90,9069,1993,Normal,202897.73248444384
2830,60,11003,2005,Partial,235956.0828647309
2831,20,7488,2005,Abnorml,196693.2896797344
2832,20,13377,2006,Partial,246501.774468537
2833,20,11645,2005,Partial,289242.61829228944
2834,60,10984,2005,Partial,215300.07315995387
2835,20,9316,2005,Normal,219357.71843409663
2836,60,9316,2005,Normal,204125.11731364424
2837,20,12000,1968,Abnorml,164577.87997750944
2838,20,13015,1996,Normal,162497.65742264746
2839,60,12438,1995,Normal,198125.97406068942
2840,20,8685,1998,Normal,187111.19793091228
2841,60,9272,1999,Normal,205894.98425555203
2842,60,13426,1999,Normal,219576.15481141323
2843,60,8340,1977,Normal,147752.56796672684
2844,80,10385,1978,Normal,150546.89134582542
2845,20,7200,1972,Normal,127299.18921827707
2846,60,9930,2002,Normal,207399.1560852252
2847,60,9468,1999,Normal,191680.8444067525
2848,20,11088,2002,Normal,205306.68079824603
2849,60,8726,2002,Normal,207584.82160245074
2850,60,10566,1999,Normal,254605.82967501364
2851,60,21533,1996,Normal,218427.49313315377
2852,60,11250,1998,Normal,222137.3431980205
2853,60,11250,1995,Normal,225756.20020220487
2854,120,4435,2003,Normal,168746.12070785114
2855,20,8810,2003,Normal,205188.05933639096
2856,60,8581,2006,Partial,206004.14245213897
2857,60,8400,2005,Normal,198601.71803607006
2858,20,8772,2005,Partial,203581.3222907838
2859,70,8777,1910,Normal,150068.9678206991
2860,90,7840,1975,AdjLand,134385.45162457196
2861,20,16133,1969,Abnorml,141297.76471510314
2862,60,7162,2003,Normal,211336.86122872823
2863,20,8050,2002,Normal,137273.9195011413
2864,60,11060,2003,Normal,237917.94670519556
2865,180,3675,2005,Partial,159232.69220990426
2866,160,2522,2004,Normal,178526.66966947308
2867,50,6956,1948,Normal,121540.00127312612
2868,50,7822,1915,AdjLand,136728.86472298665
2869,50,8707,1924,AdjLand,128336.38019478232
2870,20,16012,1954,Abnorml,156346.19735170208
2871,50,8248,1922,Abnorml,118654.99354588064
2872,30,8088,1922,Normal,98686.38340525106
2873,50,11388,1910,Normal,121365.69677869143
2874,50,10890,1938,Normal,136718.88826676263
2875,190,6430,1945,Abnorml,126789.73861419382
2876,70,7000,1926,Normal,150120.92099921018
2877,70,4899,1920,Normal,136683.86375812916
2878,70,9399,1919,Abnorml,148894.4656002469
2879,50,10164,1939,Normal,141340.30441995797
2880,50,6191,1941,Normal,118375.30367471815
2881,50,21780,1920,Normal,143633.60959203966
2882,50,12400,1940,Normal,152656.01741550668
2883,50,8170,1929,Normal,171366.69767235214
2884,70,12320,1932,Normal,175360.48612868643
2885,70,14210,1930,Normal,163428.83363773042
2886,60,15600,1950,Normal,185400.21598782318
2887,30,7288,1942,AdjLand,113170.21859015342
2888,50,7000,1926,Normal,135597.33091074877
2889,30,8534,1925,Normal,96790.04632561147
2890,30,7030,1925,Normal,114180.26924541972
2891,50,9060,1957,Normal,139722.56345667844
2892,30,12366,1945,Abnorml,100963.88151707083
2893,190,9000,1951,Abnorml,125605.1985030616
2894,50,8520,1916,Normal,103494.43224099942
2895,120,5748,2005,Partial,282049.14819017274
2896,120,3842,2004,Normal,260181.5852009137
2897,20,23580,1979,Normal,189283.29509216256
2898,90,8385,1978,Normal,153517.87278060624
2899,20,9116,2001,Normal,225190.68660212716
2900,80,11080,1975,Normal,154381.7856199509
2901,20,50102,1958,Alloca,176464.45949959493
2902,20,8098,2000,Normal,193399.54852327798
2903,20,13618,2005,Partial,313639.19220374216
2904,20,11577,2005,Partial,316658.18965886615
2905,20,31250,1951,Normal,139602.53623045317
2906,90,7020,1997,Normal,203056.97647929235
2907,160,2665,1977,Normal,138813.03627673595
2908,20,10172,1968,Normal,135817.27741639002
2909,90,11836,1970,Normal,151913.87699162844
2910,180,1470,1970,Normal,109259.97489983296
2911,160,1484,1972,Normal,117798.38645829908
2912,20,13384,1969,Normal,152198.6767182544
2913,160,1533,1970,Abnorml,118904.69990092228
2914,160,1526,1970,Normal,112023.36960829598
2915,160,1936,1970,Normal,111329.03682585222
2916,160,1894,1970,Abnorml,119224.58047803811
2917,20,20000,1960,Abnorml,162674.317410482
2918,85,10441,1992,Normal,134988.75979521964
2919,60,9627,1993,Normal,212995.16174309276
